origin_tts2022,6117,6118,6123,6125,6168,6171,6173,6174,6177,6178,6179,6181,6182,6184,6185,6187,6188,6189,6190,6193,6195,6196,6197,6198,6199,6200,6201,6202,6203,6204,6205,6206,6207,6208,6209,6210,6211,6212,6213,6214,6215,6216,6217,6218,6220,6221,6222,6223,6224,6225,6226,6227,6228,6229,6230,6231,6232,6233,6234,6235,6236,6237,6238,6239,6240,6241,6243,6244,6245,6246,6247,6248,6250,6251,6252,6256,6261,6262,6264,6265
6117,0,0,0,2.816719055175781,0,2.554042816162109,3.285650869029103,0,0,2.416477203369141,0,0,2.576350454955655,0,5.370117499786433,0,0,6.135951065228475,9.759097020991323,7.140409061972608,0,0,3.309375133350977,0,0,0,0,5.935140988376704,0,0,0,0,0,20.11690327244864,0,0,0,0,0,0,0,0,0,0,9.10906328797312,0,0,0,0,0,0,0,0,0,8.727445225334309,0,0,0,0,0,0,0,0,0,0,0,0,0,0,0,0,0,0,0,0,0,2.945411682128906,0,0,0
6118,0,0,0,2.099448994177353,4.773247820520522,0,2.568380808030674,0,0,3.06958754398204,3.700983493240573,8.797184133916247,2.707968791174023,0,4.652847438788005,8.975591188203634,0,5.418681004230046,0,0,0,0,3.567179840418954,0,0,0,0,0,0,0,0,0,0,0,0,0,0,0,0,0,0,0,0,0,0,0,0,0,0,0,0,0,0,0,0,0,0,0,0,0,0,0,0,0,0,0,0,0,0,0,0,0,0,0,0,3.256161161259494,2.228126362341415,0,0,0
6123,0,0,0,2.649223412255388,0,2.861049736718279,3.659861311313788,9.387349695543357,0,0,4.792463996523686,9.88866463719936,0,0,5.744327942071118,0,3.020302951999068,6.51016150751316,0,0,0,0,2.513720921094646,0,4.91609312104415,5.655823265750468,0,0,3.344254797638223,0,0,0,7.818652943048139,0,0,0,0,0,0,0,0,0,0,0,9.483273730257805,0,0,7.36695176921492,0,0,0,0,0,0,0,13.677442289491738,0,0,0,0,0,0,0,0,0,0,0,15.271469346229553,17.12848893624156,0,0,0,0,0,0,4.347641664542608,2.019622887353044,0,0,0
6125,2.816719055175781,2.099448994177353,2.628307427147966,0,5.252824094897857,0,3.047957082408009,8.775445466637578,0,2.952419281005859,4.180559767617908,0,2.033866171508389,0,5.132423713165339,0,2.558392619577664,0,9.52140323437023,0,10.326232622919946,0,3.460776653126367,17.47749725157259,4.450478717577824,5.190224121073205,0,0,2.878640394171897,0,0,0,0,0,0,0,5.811088238482574,6.472700753483643,12.236065971001779,0,0,0,0,0,0,0,0,0,0,0,7.498973816278014,0,0,0,0,0,0,0,0,0,11.313194284673106,0,0,0,0,0,0,0,0,0,0,0,13.931104871153632,0,0,3.735737435636829,0,0,0,0
6168,0,4.751366717004897,5.842847220288011,5.230935361987701,0,4.126439359790435,2.845210956358601,0,2.140376209102446,7.473824766284576,0,0,0,0,0,4.765175246345222,0,2.103669878045461,4.831411018134482,0,5.636240406684198,0,6.770805948219537,0,3.73576746594308,2.538606382474967,4.112510798649557,0,5.298555858698661,2.993452136853123,0,5.060288128423964,0,0,0,0,0,0,7.546073754766032,0,0,0,0,0,5.076774471395576,0,0,3.98440499448355,0,0,4.38318890595047,0,0,0,4.695156408756765,0,10.647723313125596,0,0,0,0,9.079727272932635,0,6.451603266983317,0,11.429351644257356,13.314876273382534,0,0,0,0,0,0,0,0,4.025155921403827,5.359620359546295,0,4.514886163682982,6.80990645117875
6171,2.554050445556641,0,2.827186669091326,0,4.148305204516998,0,0,0,3.189203115181151,0,3.076040877237049,0,2.065860037475186,0,4.02790482278448,0,0,4.793738388226521,8.41688434398937,5.798196384970655,0,0,3.492785777882227,0,3.725293323290715,4.446377227762658,0,4.144846341159907,2.910649518927757,0,0,0,0,0,0,0,5.085902844195465,0,0,0,0,0,0,0,0,0,10.643523960580696,0,0,0,0,11.601259654157245,12.331327960679001,0,0,0,0,0,0,0,0,0,0,0,0,0,0,0,0,10.721001670229978,0,0,0,0,0,2.631233804045032,0,3.512672725306736,6.056321571253145,0
6173,3.287264485972463,2.569994424974034,3.654028639194648,3.049563069956838,2.868705676817585,0,0,6.391327048557307,0,3.964055399281444,0,0,2.878624543201942,0,2.748305295085068,7.071049044500698,0,3.514138860527109,7.137284816289958,4.518596857271243,0,9.168337825335005,4.716381735024998,0,2.957054312318854,3.636689951262851,5.455304613796428,3.335151435265569,3.244124016109591,4.408196163503126,6.218455459026011,0,0,17.49508725305001,0,0,0,4.91916658367329,0,0,0,23.578627347197987,0,0,6.487251083271755,0,0,5.427164157852304,10.450654864602658,24.78874813126102,0,0,0,7.472848544535446,0,10.681419642505688,0,9.916513799855409,10.880899436507978,0,0,0,0,7.862079878859496,0,0,0,0,0,9.441402142530565,24.12401639912532,0,14.292377067310076,0,0,0,2.398782114369334,3.80540244099443,0,0
6174,0,0,0,8.440858369469609,0,0,6.05513396384051,0,5.106402732209355,0,4.339058060183221,0,0,0,3.798253853875184,2.293109730130829,0,0,3.945347236164058,4.865862920944171,0,5.277300693769885,0,0,6.760608991491395,0,0,0,0,0,0,0,5.423543210320955,0,6.27145762546259,0,0,0,0,0,0,0,7.155670997850315,0,0,0,6.171986852755385,0,0,0,0,0,0,0,0,7.489482062379789,0,6.724576219729509,0,0,0,0,0,0,0,10.543287862286931,12.428827750201172,7.35735860642229,0,0,10.563308219634184,0,0,0,0,0,0,0,0,0
6177,0,0,0,0,2.058447955928618,3.195958944038574,0,0,0,4.553983541206542,0,5.949022452918093,3.468560314521572,0,0,6.127429507205481,0,0,6.193665278994741,0,0,0,4.484456239254785,0,0,0,0,0,3.012206149733908,0,0,0,0,17.368163882746977,0,0,2.927903658351225,0,0,0,0,23.451703976894954,0,0,0,0,0,4.018152785617247,0,0,0,0,0,6.529221377845698,0,0,0,8.97289426256019,9.93727989921276,0,0,0,0,0,0,0,0,0,9.48564545801498,0,0,0,0,0,0,0,0,3.573484574618747,0,0
6178,2.446689605712891,3.089675739782821,0,2.963405609130859,6.67599609196817,0,3.964211801869335,0,4.548971028999511,0,5.60373176468822,0,2.102206473022061,0,5.899737999481145,0,3.334485148874539,0,0,8.325887272421827,0,0,0,0,4.232590839159855,0,0,0,2.660752515753928,0,10.025761132965657,0,0,0,0,0,5.593200360064605,0,0,0,0,0,0,0,0,0,0,6.683449487330626,0,0,0,0,0,0,8.168558497810222,0,0,0,16.616824495213248,0,0,0,15.45562901928811,0,0,0,0,0,0,0,0,0,0,0,0,5.453629128752064,2.333805084228516,0,0,0
6179,0,3.707716433914401,4.799196937197515,4.187285078897204,0,3.082789076699939,0,4.680362839235955,0,5.394220961465564,0,0,4.795812505288406,0,0,0,0,0,5.426320606968607,0,0,7.457373616013653,5.727155665129041,0,2.507012812735396,0,0,0,4.254905575608165,2.643609986185294,0,0,0,0,0,0,2.57232885326845,0,8.140983343600155,0,0,0,0,7.516432210578311,4.776286873950403,0,7.652960223559933,3.662577980534471,0,0,4.082663161532641,0,0,5.761884335214094,0,0,0,8.205549590534057,0,5.267255365959773,0,0,7.389129918497814,0,0,0,0,6.904593268730744,0,0,0,0,0,0,0,2.981505638313331,4.315977705850329,0,4.298240744388631,0
6181,0,8.699321890263903,9.790802393547017,0,0,8.07439453304944,0,0,5.844434897986452,0,0,0,9.78742559103244,0,0,0,0,4.853106828746665,0,5.603895086721268,2.616401078151754,3.47378543473107,0,0,7.498641157268492,0,5.763993104019172,0,0,0,0,0,0,0,4.672776444111876,0,0,0,0,4.725749384246276,0,0,0,4.972823582518385,0,0,5.109351595500006,0,6.19608202722138,11.156455414729347,7.13260296846808,0,0,0,0,0,0,5.66194096247413,0,0,6.21579331241468,0,0,5.957127860570014,0,0,11.366192492945794,0,0,0,9.500672962378806,0,0,0,0,0,0,0,0,0
6182,2.576350454955655,2.84161289517793,0,2.044970755248624,5.561203511035153,2.076964621215421,2.849419220936318,0,3.434178448066494,2.096816305785733,4.488939183755203,0,0,0,4.784945418548128,0,0,6.206636694744676,0,0,10.634612039057242,0,0,0,3.186478067797151,0,0,0,0,5.626719093933197,0,0,6.468256944976922,0,0,0,4.547087588701901,0,0,0,0,0,0,0,0,0,0,0,0,0,0,0,0,0,7.12243428235572,0,0,13.747256262979226,0,11.349817446119786,0,0,0,0,0,0,0,0,0,0,0,0,0,0,0,4.355361816373734,0,2.181407518641298,0,0
6184,0,0,0,2.258160988472866,0,0,0,0,0,0,0,0,0,0,0,0,0,0,0,7.321430354993883,0,0,0,0,0,0,0,3.323857288722197,0,0,0,0,0,0,0,0,0,0,12.654781050644146,0,0,0,20.013784360855105,0,0,0,0,0,0,0,0,0,0,0,0,0,0,0,0,0,0,0,0,0,0,0,0,0,0,0,0,0,0,0,0,0,0,0,0,0
6185,5.46995894674677,4.752685071051076,5.844165574334189,5.232253716033879,0,4.127757713836614,2.846529310404779,4.017480066460521,0,5.902618095916692,0,0,0,4.612985855002419,0,0,3.435902378092012,0,4.763437834193172,2.466684246085213,0,6.794490843238219,5.833090793964934,0,3.015417576581055,0,3.403376743821335,2.095891261592723,4.360840704444058,0,0,0,2.570877139221762,0,7.089548223491703,0,0,2.262335145787054,7.478100570824721,0,3.460407734626368,0,0,6.853549437802877,4.235497926431429,0,6.990077450784498,2.737724687739505,0,0,3.330798760339238,0,0,5.22109538769512,0,0,0,7.542666817758622,8.507052454411191,0,0,0,8.288335158417693,5.610326722019169,7.636283346475362,11.361378460316045,13.246918348230286,6.363804321211769,0,0,0,8.115896790167765,7.970602558928346,0,0,4.026474275450005,4.337352440399114,4.922119129328897,3.272821640630344,0
6187,0,8.81448889328176,0,0,4.720928572761237,0,0,0,0,0,0,0,0,0,4.651453022670137,0,8.034270073613712,0,0,5.719062089739125,0,2.805757556093902,0,0,7.613808160286348,0,0,0,0,0,0,0,0,0,3.814616424361427,0,6.305799499977302,0,0,0,0,0,0,0,0,0,4.253159959538619,0,0,0,0,5.210895653115168,0,4.363377253565828,0,0,7.842832637938406,0,0,0,0,0,0,0,0,8.624460969070167,0,5.438531713205524,0,0,0,0,0,0,0,8.08827809768069,0,0,7.115940312714544,0
6188,0,3.239697387680798,3.010216892428756,2.530243968454617,0,0,0,0,0,3.334328746286649,0,8.207261487343901,0,0,3.407067081461153,8.385668541631288,0,4.828758357657701,8.451904313420549,5.833216354401835,0,0,2.900993766112235,0,2.20263888476291,3.477334544605946,0,3.175796028608665,0,4.248840756846222,7.533074956156603,0,0,0,10.778014702719082,0,0,4.612144245864042,0,0,0,0,0,0,0,0,0,4.653497532933681,0,0,5.251133983463101,0,0,0,0,0,0,0,0,0,0,0,0,7.848772740247901,0,0,0,8.858544589928782,0,0,0,0,0,0,0,3.19227382352504,0,0,4.533674762119871,11.727999538945287
6189,6.144312881634725,5.42703900593903,0,5.906607650921834,0,4.802111648724568,3.520883245292734,0,2.572129125477985,0,0,0,6.515135077313036,0,0,0,4.646820186270983,0,4.480611745887767,0,5.285441134437483,0,7.44647823715367,0,4.226335384760025,0,2.475995892759471,2.965162829207322,5.974228147632794,0,3.239154367383585,0,0,0,6.806722135186298,0,0,0,7.195274482519316,4.241858783674945,2.447512814960988,0,0,0,3.222603006766048,0,6.707251362479093,2.834743264961444,7.793981794200468,0,2.529021256018208,0,8.395055362577398,0,2.840984944127237,0,0,5.169317963339936,0,0,5.664427790087126,8.72892800068592,5.835446051313459,0,0,8.932468540223532,10.81799316934871,0,0,6.176754066024859,0,7.103001870502385,0,3.347716354535115,0,4.70082821033796,6.035300277874959,0,0,0
6190,9.782565038569448,0,0,9.544859807856557,4.971730842353232,8.440363805659292,7.159135402227458,4.016201423175777,0,0,5.443059498570168,0,10.15339486364229,0,4.902255292262131,0,8.285072343205707,5.219076101356516,0,0,0,2.004147949230594,0,4.003403892690643,7.864610429878343,0,5.15860373764978,6.770763893942744,0,0,4.286937163966746,0,0,6.373641059806926,2.924305412703421,0,0,6.356237013976919,3.875446347705993,4.120360017876884,5.988226977510945,16.67470282143537,0,3.521067748196935,0,0,3.982023905156005,0,4.474153659387144,0,7.498572241077931,4.345158921242319,5.075227227764074,0,0,0,0,5.056551596104738,0,5.878522721872251,4.331820419433959,5.409099865872596,0,5.351738494200622,0,7.583377862685598,8.84416189122484,5.689333982797518,0,6.515193906065051,0,7.441449339937108,7.117611595638473,8.290388982661245,0,8.339080367272683,0,10.173758729452356,7.366742582306538,6.100304282155821
6193,7.118577549521437,0,0,0,0,5.77637631661128,4.495147913179446,4.938952520553546,0,9.12376172310542,0,5.440267462209549,0,7.200637966077867,2.468286418936776,0,0,0,0,0,0,0,0,0,5.430633927158456,2.529078364764658,0,0,0,0,0,0,0,0,4.624656694430432,0,0,2.207149278782029,0,3.187520851464001,2.218988176207075,0,0,0,3.080729216400807,0,4.128865578705649,2.745803029117783,0,10.175954139145928,2.440081020174547,5.482921615299776,6.212989921821531,3.933521807059029,0,0,0,4.681454945679773,6.04216092534992,0,0,0,5.427108027549781,0,0,0,0,5.209035611181148,7.022750757833781,0,8.520186945584449,0,0,0,0,5.675092878224672,0,0,0,0
6195,0,0,0,0,5.951685352973261,0,8.139089912847487,0,0,0,0,2.616401078151755,0,0,5.88220980288216,0,0,6.199030611976545,0,0,0,0,0,0,0,0,0,0,0,0,0,0,0,4.470854060173225,2.124101501214027,0,7.536556280189325,0,3.075242436216599,3.853801736270302,0,0,0,2.720863836707541,4.782151648939894,3.170891124848026,3.18181999366661,0,3.67394974789775,7.834220901518998,7.139831860362587,3.544955009752925,4.27502331627468,3.857310572605928,0,3.90471452580078,0,4.299682645552844,4.104194319803069,5.552649712482467,3.531616507944565,4.608895954383202,5.045350986211914,4.594869543648728,0,6.783173951196204,8.043965609129977,4.932465032245624,0,0,0,0,6.360742645086579,0,0,9.319034877892712,0,0,8.346697092926567,0
6196,0,0,0,0,0,0,0,5.285677768965198,0,0,8.382303505892084,3.473770175942007,0,0,0,2.777265582216949,0,0,2.004132690441531,0,0,0,0,0,0,0,4.069741055518571,0,12.551731941283965,0,3.198074481835536,2.878675155089074,0,0,2.428071892207453,0,0,0,0,0,0,0,0,0,3.944783008913312,2.654273675006992,3.415099546999405,0,0,0,0,0,3.801443280984428,0,5.357305562500414,3.375695495149199,5.184833565731222,0,0,0,0,0,4.207982346185333,3.757500903622148,3.99906803222873,6.099072217907905,7.359856246447146,4.095096392219044,0,0,6.485402694884065,0,5.523374005059998,0,0,0,0,0,8.782873338896032,0
6197,3.309375133350977,3.574637573573251,2.513720921094646,3.478991832569727,6.884041421852349,3.510985698536524,4.28344029825742,0,5.07015341332705,0,0,0,0,0,6.763641040119832,0,2.907619895262625,7.529474605561873,0,0,0,0,0,0,3.524174224463957,5.59936036286371,9.470655617620253,4.536359536034321,0,7.262694059193753,0,0,0,0,13.478730950623254,0,4.884783745368707,0,0,0,0,0,21.22628660816723,0,11.898317521647387,0,0,5.975032872634728,0,0,9.14977198429696,0,0,12.7919810772294,10.49857877276276,0,0,0,0,0,0,0,0,0,0,0,0,13.281138889590766,0,0,0,0,0,0,0,5.789382893694837,2.27738126738418,2.519103675308104,0,11.07530315867563
6198,0,0,0,0,0,0,0,0,0,0,9.189493939356513,0,0,0,0,0,0,0,4.013779869253142,0,0,0,0,0,0,0,0,0,0,0,0,0,0,0,0,0,0,0,2.532819051431792,0,0,0,0,0,0,0,0,0,0,0,0,0,3.534311967622686,0,0,0,0,4.269496809596162,0,0,0,0,0,0,0,0,7.204320086893998,0,4.794275123582512,0,6.329866535330916,0,4.454912125292006,0,0,0,0,0,0,0
6199,7.162652179491887,6.445378303796192,4.881219158641806,0,3.712650400513392,3.684823199999699,2.616855795473151,0,2.176617311421686,4.208768054736027,2.507028071524459,0,3.148895670336214,0,3.004980564862305,7.609806542854708,2.162180205563692,4.224714138422135,0,4.640637641592146,0,0,3.505749236670988,0,0,2.114569072970065,0,0,2.033499147150112,2.920161707165337,0,0,0,19.59978402860068,0,0,0,3.167445981071233,0,0,0,0,0,0,5.450168585287875,0,9.902681931235294,3.208799268140872,10.989412362956669,0,3.806435718670292,10.860417624811843,0,0,4.693900649225936,11.220177140859699,0,0,0,5.526329131593518,0,0,0,6.404082104849623,0,0,0,0,9.073983339611475,0,0,0,9.051242249620127,5.050538226855168,0,5.719167508195122,3.199635669482121,0,0,0
6200,0,0,5.611321007449686,5.119312713602501,2.503747678861686,4.411949584940391,3.261617472014804,0,0,0,0,0,0,0,0,0,3.4687171434829,0,0,2.515486598407236,0,7.581902318834183,5.865905559355821,0,2.137716655977878,0,0,0,4.393655469834945,0,0,0,0,0,0,0,0,0,0,7.393886715126733,0,0,0,0,0,0,0,0,0,0,0,0,0,0,0,0,0,0,0,4.082991100071396,0,0,6.162568289328187,4.960744073327501,0,0,0,5.678031639561117,0,0,0,0,7.438096784015975,0,0,0,0,0,0,0
6201,0,0,8.429449971964118,0,3.876382414762045,0,5.431813708034708,0,0,0,0,6.376933257064811,0,0,3.404952213792038,0,6.94659418538991,0,5.094978401956422,0,0,4.944409176856462,9.357408699895645,0,5.482860549129462,3.304723360925021,0,0,0,0,0,0,0,0,0,0,0,2.982798089639657,0,0,0,0,0,0,0,0,2.931172309319232,3.52144421058088,0,0,2.335045992421458,0,0,2.735866684645268,0,4.645010750144809,0,3.483769305687887,0,2.299797133115558,0,5.349192178727231,0,0,0,0,0,3.937135035886528,5.750850182539161,4.762979700364999,7.322516564381627,0,5.504073501874589,2.73128238194166,0,0,7.946230740616933,0,0,0
6202,0,0,5.344633565671154,0,2.697813874343419,4.14526214316186,2.994930030236273,0,0,0,0,0,0,0,0,0,3.202029701704368,2.853846148299119,6.656704445700558,0,0,0,6.753354775292133,0,0,0,0,0,0,0,0,0,0,0,8.98281483499909,0,0,0,0,0,0,0,0,0,4.497001212384981,0,8.883344062291883,2.286456228881157,0,0,2.884092679410578,0,0,5.453242690311767,3.771557609966222,0,0,0,0,0,0,0,6.791645099217548,0,0,10.753829483879572,0,6.307108449450477,0,0,0,0,8.123215311434633,4.128195187595454,0,0,4.103479764011469,0,2.854450077940395,5.840042249785342
6203,0,0,3.335397070587442,2.855435590705101,5.419386394587333,2.887429456671898,2.898542961422092,0,3.605498386062033,2.662945966681663,4.347122067307383,0,0,0,0,0,0,6.064819578296857,0,0,10.492794922609422,16.758126136840602,0,0,2.05951919719894,4.134705335598693,0,0,0,0,0,0,0,0,0,0,3.42012871810369,0,0,0,0,0,0,0,8.279436470230955,0,0,0,0,0,5.1080066665046,0,0,0,0,13.232100360275435,0,0,0,0,0,0,9.703616032112352,0,15.472389553849107,0,0,0,15.647738987005727,0,0,14.920127387189948,12.915965510686858,0,0,4.347074363011852,0,0,0,0
6204,0,0,0,0,3.053323810437107,0,4.015244198171095,0,0,0,2.59088705527709,0,0,0,0,0,4.22234386963919,0,0,0,0,0,8.320472711414451,0,2.920154077770806,0,2.3846914206101,0,0,0,0,0,0,0,0,0,0,0,0,4.234218251955262,2.018119353553805,0,0,7.631274346098102,2.793209545358865,8.351481797145905,4.60682636784997,0,0,11.19751268465672,0,0,0,0,2.643949262031904,9.085297568704126,0,4.893412661112441,0,0,0,6.599732140597096,0,0,0,0,0,5.075004099318893,0,0,0,0,0,3.000586839661135,0,5.518707240385855,0,0,2.365317541234158,4.679829684321727
6205,0,0,0,0,0,0,6.194964553264292,0,0,10.823578363190267,0,0,0,0,4.168103059021622,0,7.709745030619493,3.275371103223428,4.223296569484325,0,0,4.072727344384364,0,0,0,0,0,0,0,0,0,0,0,0,2.555304480755512,0,4.792342980846691,0,0,0,0,0,0,0,0,3.039513146114488,2.059513365030729,4.308471893183328,3.542564139769681,0,0,0,4.143637708146612,0,2.273229493750815,0,6.045521645237156,2.612102732004852,0,0,3.165955081945402,4.477510346255134,3.357763443269392,2.312600964381684,4.414293873879521,6.430814374562276,8.316339003687455,0,4.545164279633782,3.9676595130944,0,0,0,0,0,0,0,0,0,0
6206,0,0,0,0,5.032307323980605,0,0,0,0,0,0,0,0,0,0,0,0,0,0,0,0,0,0,0,0,0,0,0,0,0,0,0,0,0,0,0,0,0,0,0,0,0,0,0,0,0,0,0,0,0,0,0,0,0,0,0,0,0,0,0,0,0,0,0,0,0,0,0,0,0,0,0,0,0,0,0,0,0,0,0
6207,0,0,7.224513843927046,0,0,0,0,5.399113889031892,0,0,0,0,0,0,2.928447787415122,0,0,0,0,0,6.94990104531426,0,0,0,0,2.281860530528065,0,0,0,0,0,0,0,0,4.922376809246669,8.603334319956458,0,0,0,0,0,11.074302523854211,0,0,0,0,3.746055564108539,0,5.909636468260838,0,0,0,0,2.918036202881125,0,0,0,3.871826161264023,5.29012594373061,2.416079696699506,0,0,4.537954249237546,3.299940000277876,0,7.642304275074917,9.527828904200096,0,0,0,7.662324632422171,0,5.660215837187052,0,0,0,5.983360042267361,0,0,3.658246999170575
6208,20.181810346423248,0,0,0,0,0,17.558380710081256,0,10.53646069671182,0,0,0,0,0,0,0,0,0,6.372992561271769,0,0,0,0,3.096193431736074,12.190666955993862,0,0,0,0,0,0,0,0,0,2.44283715368576,0,10.882677369171143,0,0,0,6.34257329854834,5.83875853479721,0,2.751924689351517,0,0,3.272699114132852,8.94711942237692,0,4.082547836926646,0,0,0,4.50598998604092,0,2.57615242312249,2.11726223442717,3.840551084866741,0,6.094517602479958,0,0,2.990223227769904,0,0,3.031500886603852,4.292284915143093,0,2.422324790698795,3.304121983694243,3.417831363580012,0,4.639667267261805,0,0,0,0,0,0,6.349258147138528
6209,0,0,12.267843755894852,0,0,0,0,6.127273512913762,0,0,0,5.144323466840024,0,0,7.013327382000116,4.288147089667699,0,7.330148191094501,3.064594719344047,4.495639818209729,2.124093871819496,2.42515364879925,13.195802483826379,0,0,0,3.29796562230964,8.881835983680729,0,0,2.426299048626606,0,0,2.346752558959198,0,0,0,0,0,0,4.127588862170805,7.466349171661863,0,0,3.184383002950475,0,0,6.732146430091184,0,5.710138473791299,0,0,2.150921815060653,0,4.69690403065867,0,0,0,0,3.986344689539924,0,0,0,3.028564520706186,0,0,5.919883181402278,2.10106906692027,3.05734264313962,2.501006596388974,0,3.427262030261031,3.095409607007317,0,0,10.450152457010667,11.784624524547667,0,9.477814672044522,4.241085234198493
6210,0,0,0,0,0,0,0,0,0,0,0,0,0,0,0,0,0,0,0,0,0,0,0,0,0,0,0,0,0,0,0,0,9.05679119861857,0,0,0,0,0,3.426009425936972,0,0,5.703371288084544,0,0,0,0,0,0,0,0,0,0,2.897423454188413,0,0,0,0,0,0,0,0,0,0,0,0,0,0,0,0,0,0,0,0,0,5.546818505844747,0,0,0,0,0
6211,0,0,0,5.789859448199371,0,5.07342115474234,0,0,2.968225008448881,5.597366009478668,2.612661647457903,6.030193959361789,4.537493625078854,0,0,6.208601013649177,0,2.484162631103405,6.274836785438437,0,7.079666173988153,0,7.569060973237543,0,0,0,0,0,3.422097101892752,0,0,0,0,0,0,0,0,0,0,0,0,0,0,0,0,0,0,0,9.588206833751137,0,0,0,0,0,0,0,10.412216890488144,5.617366855429669,0,0,0,0,0,4.285520519882975,0,0,0,0,0,6.624802958114592,0,0,6.926989136333167,0,8.948763802173074,0,4.588233624224761,0,0,0
6212,0,0,6.952378676838151,6.460370382990966,0,0,4.602675141403269,0,3.533881359500242,0,0,0,0,0,2.322606093653751,0,4.809774812871365,0,6.128601315115103,2.211967241428514,0,0,7.812494282830714,0,2.938198245002985,0,2.890972308910634,0,0,0,0,0,0,0,0,0,0,0,0,0,2.270345218660979,0,0,0,3.045435410466039,0,4.859052232957144,0,0,10.978081750447489,0,0,0,0,0,0,9.46880124438356,0,0,2.792194612924629,5.169061036072274,0,0,3.669947586180734,0,0,0,4.855542647531537,0,0,0,0,0,0,0,0,8.098822274479737,0,0,0
6213,0,0,0,0,0,0,0,0,0,0,7.958241965561441,0,0,12.379815551511683,7.417445388647935,0,0,0,3.696550184511028,0,2.756049336986478,0,0,0,0,0,0,0,0,0,0,0,0,2.184826711847251,0,3.773674999802553,0,0,0,2.201304051030266,0,7.907599441493275,0,0,0,0,0,7.136264436739003,0,6.151388743622712,0,0,0,0,0,0,0,2.045729271836244,0,0,0,2.017402907815041,0,3.432682527354004,0,0,6.36113345123369,2.360613861898166,2.589951097785486,0,4.495621550061234,2.967438844281897,3.376736323371933,0,0,10.854270463658487,0,0,0,0
6214,0,0,0,0,0,8.63209180047772,0,0,0,0,0,4.964206666842342,0,0,0,0,0,0,0,0,4.029304513369912,3.191935873343331,0,0,0,0,2.041837164597115,0,0,3.938995015871278,0,0,3.274532348116175,6.909372018845919,0,0,0,0,2.19541246398109,0,2.392155137124296,0,0,0,0,0,0,4.996712705044675,0,6.987277434410442,3.810295413398924,2.287084723796712,3.39518571464464,0,2.961470305612161,0,5.478012187135575,0,2.646575040926935,2.286101546768805,0,3.408146945282459,0,0,0,0,0,2.1255682570316,3.425839788573216,2.951428180299133,0,0,0,4.206550876405455,0,8.530808362091111,0,9.066250426663363,0,0
6215,0,0,0,0,0,0,0,0,0,0,4.009951081850239,0,0,0,3.469146875542201,0,0,2.454684115300649,6.685770744891623,0,0,0,0,0,0,0,0,0,0,2.31415860433292,0,0,0,6.187994135950684,4.095869654407134,0,0,2.404904850008635,0,0,0,0,4.980083026794859,0,0,3.830517009951657,2.919548409269004,2.949105170168608,0,8.491584671144114,0,0,5.684202881798234,2.09152904804159,0,4.33321934767199,0,3.031021024552959,0,0,0,0,3.745485141579217,2.459134863566812,4.485106746812067,0,0,3.212627721548475,0,4.038472386026944,0,4.964727819899002,4.819410700475989,2.174041913306732,0,0,6.856647326195221,0,0,0
6216,0,0,0,0,0,0,23.12632632180736,0,0,0,0,18.4589650933128,0,0,24.32386439421508,0,0,0,16.939057527245918,0,9.435936360131748,0,0,0,24.811251575288324,0,0,0,0,0,0,0,0,5.567178792365569,7.311838673614988,5.495599986815012,0,0,6.679867949658943,0,0,0,0,7.522453614065901,9.213551759550205,0,7.346554110605764,0,6.706115086779548,0,0,0,5.711451197881087,0,10.626074313137307,0,3.95826387642671,0,0,9.984049823092779,0,5.459287153860703,6.89726872352921,9.02626965425904,0,3.517480098183471,2.713196835462945,0,5.85619142293271,0,4.80108840719088,0,8.760915643880484,0,0,0,0,0,0,0
6217,0,0,0,0,0,0,0,6.937029017456092,0,0,0,0,13.074222457922605,12.785453049406193,0,0,0,0,4.102183867708275,0,3.161683020183724,0,14.00555798836871,0,0,0,0,0,0,0,0,0,0,0,0,0,0,0,0,0,0,0,0,0,0,0,0,0,0,4.854912136292614,0,0,0,3.100761054205715,0,0,2.889626533793138,0,0,0,0,0,0,3.676653155131329,0,0,5.064649214509061,2.752312455984085,2.131983096412419,0,4.037653548688168,0,3.236544048317226,0,0,0,0,0,0,4.907049540010355
6218,0,0,0,0,0,0,0,0,0,0,7.329981252326358,4.92018076025276,0,0,6.789184675412852,0,0,0,4.130240154869696,0,2.732716101111838,0,0,0,0,0,3.073822915722376,0,0,5.103274468168414,0,0,0,2.700712378560501,0,0,0,0,0,0,0,0,0,0,0,0,0,0,0,0,0,0,2.196951641986176,0,4.029417207860469,0,0,0,0,0,0,2.152776336979463,0,2.429612548982203,0,4.563584637747543,6.449116896267253,0,2.677934542819049,0,0,3.10986564869046,0,0,0,0,0,0,0,0
6220,0,0,9.17864345071679,0,5.278774135702216,0,6.806869308369411,0,0,0,5.09078577531759,0,0,0,4.549989198404084,0,0,3.535526438162532,0,2.953845571215356,4.828847358168408,0,10.921346849039967,0,6.41413495491678,0,0,4.570897341516865,7.960977913102049,3.395000927194803,0,0,2.317221750325925,0,3.063205329610632,0,0,3.115501583543236,0,0,0,0,0,2.475109986304618,0,0,0,3.582667907121177,4.050464988624801,0,0,0,0,0,0,3.300555022875487,5.949655099072744,0,3.430954464094573,0,2.518273502822006,3.879789857219628,2.899879940299365,0,0,5.783132795438879,7.668657424564058,2.367022520268622,0,0,0,0,3.952355456471527,0,0,7.986814273414637,7.937489649057104,0,0,0
6221,0,0,0,12.155941039027738,0,0,0,0,0,0,0,0,0,0,0,0,0,0,0,0,3.194160778168338,2.657725976032382,0,0,0,0,0,0,0,0,2.9263081900598,0,0,0,0,0,0,0,0,0,3.988949016787594,0,0,0,0,0,0,0,0,0,5.337169706880582,0,0,0,0,0,0,0,0,3.861803965250462,0,0,0,0,0,0,5.766129446440154,0,0,0,0,0,0,0,0,0,0,0,0,0
6222,0,0,0,0,0,10.518432407846323,0,6.094270025362807,0,0,7.521120471362667,5.111319979289068,0,0,6.980323894449161,4.255143602116744,0,4.765368694003246,4.321379373906005,4.183672568267007,3.696419258784514,0,0,0,7.643961951968432,0,2.980264067112917,6.61247045753674,0,4.624827924246454,2.393295561075651,0,3.960365256491351,3.16169523840043,0,0,0,5.143899492478629,0,0,3.077988045499473,0,0,0,2.13846336914047,0,0,5.682545613419851,0,6.063457426407076,4.496128321774101,0,2.66553337877923,0,3.550940146360384,0,4.554192179132208,0,0,2.908900397526794,0,2.111485637249079,0,0,0,4.387669875498344,6.273202134018054,0,0,0,4.407690232845598,0,2.611448286185593,0,0,10.417148969459713,0,0,0,0
6223,0,7.245640333314619,9.823437517505937,9.343476037623596,4.054030848975738,6.166298608424376,5.015966495498788,0,3.947172713595762,9.150986413600158,3.591609352604784,6.297249843133973,8.091110214503079,0,2.735893633052005,0,4.641008214086025,2.834750894355976,6.541892669210622,2.745803029117783,0,0,7.855526036697228,0,3.208143140211185,0,3.425765585613575,2.28643715539483,4.512327155672446,0,4.444123492610736,0,0,8.662291236341765,6.570166754798215,0,0,0,6.958719102131234,5.021237393765378,2.80513849536392,0,0,0,3.580228687168981,0,5.393845509660085,0,7.557426413812385,0,0,0,8.158499982189316,4.432367076716861,2.062617421176004,0,0,0,7.367412654418875,2.89504208884632,0,7.675726044370102,0,3.772795062102425,6.558711861119164,0,11.61850138759344,4.931950456705181,0,0,0,0,6.414290381433476,0,0,6.519429537713549,0,0,0,4.131102060995124
6224,0,0,0,0,0,0,10.602031150799299,0,0,0,0,0,0,0,0,0,0,8.661971849928356,4.624255836697066,0,0,3.147316372339293,0,0,0,0,0,0,0,0,0,0,6.341778287904743,0,0,0,9.999497518141137,0,0,3.129009703216302,0,6.252785562429312,0,0,4.516206661784332,0,0,0,0,4.496574864558749,6.877957155189447,0,0,3.895871906800962,0,0,0,0,0,5.402591413559326,0,0,0,4.387850185155275,0,3.551538351247673,4.706311942775196,3.463509486008031,0,2.612195794773611,3.571558708594927,0,3.947741078341172,0,0,0,0,0,0,5.657331958217896
6225,0,0,0,0,0,0,0,0,0,0,0,10.888095820685443,0,0,0,0,0,0,0,9.713423454848213,7.890583597514157,0,0,0,0,0,0,0,0,0,0,0,0,4.021826029747976,5.771788340196614,0,0,10.673650379059834,0,0,8.607738932080679,0,4.728923465514026,0,0,5.470257047861444,5.801201347988171,0,5.160762324161955,0,0,4.894723741569826,4.166098435263494,0,9.080721550519716,4.937845156264204,2.41292637259818,6.202259076797517,0,8.438697060475187,0,3.91393439124311,5.351915960911618,0,0,0,0,6.517128408070376,4.310838660315118,6.103339422030296,3.255735644573287,5.183298635815435,7.215547622473831,11.091465268285665,5.829707048931548,0,0,0,0,0
6226,0,0,10.502101952654497,0,4.272238435979768,0,0,0,0,0,4.084234816806079,0,8.769774649651639,0,3.543453498681636,6.693841596241797,5.238656108707242,2.529005997229146,6.760077368031058,0,0,0,8.53419047184579,0,0,0,2.259997250266653,2.884085050016047,5.109975050293663,0,0,0,0,0,0,0,0,0,0,0,0,0,0,0,2.414460351822059,5.367115080415737,4.228077174313163,0,6.391658078465462,0,0,0,6.992731646842392,0,0,0,0,0,0,0,0,0,0,2.597642571482066,5.38356318519607,0,10.443341267578548,0,5.92479930658511,4.334135994204897,8.577836995800622,5.023786827863082,0,0,0,6.980278573692188,0,0,2.338175316313933,0
6227,0,0,13.123365909430213,0,0,11.406958048932637,0,0,0,0,0,0,0,0,0,5.143669243203059,0,0,4.491166459084116,5.351158157047823,3.550665611559566,0,0,0,10.831197043757157,0,0,0,0,0,0,0,0,0,0,0,0,0,0,2.287084723796712,0,0,0,0,0,0,0,0,0,5.316389234504393,0,0,0,0,0,0,0,2.045911952659332,0,0,0,0,0,0,0,0,5.52612631272084,0,0,0,3.660622040942915,0,2.845028135054395,0,0,0,0,0,9.69093312360375,0
6228,0,0,0,0,0,12.529279186537796,0,0,0,0,0,0,0,0,0,0,0,0,5.270279283700995,6.86450565312964,4.329778436176444,3.793343634040487,0,3.929914102905308,0,0,0,9.293303542399373,0,0,4.404142339767125,0,0,0,2.205680749659682,0,8.847249785945847,0,0,0,5.758832574453902,0,0,2.51819388346997,4.819292639305838,0,2.955945655644598,0,0,4.560979048867365,0,0,0,4.100592100631062,0,2.088931169242896,0,3.35334508977621,0,5.607311607389427,2.807980978535119,0,2.503017232679372,4.592570378985376,0,2.885191497958633,4.770716127083812,3.668229679838132,0,2.816915988603711,2.905211855305887,0,4.355281096390024,0,0,0,0,0,11.128077411843675,0
6229,0,0,0,0,5.947271072063564,0,7.475366244730759,0,0,13.064663896759281,0,0,0,0,5.218486134765432,4.751408259425203,0,4.204038633312942,4.817644031214463,0,4.124488154393037,0,11.769203519856353,0,0,0,2.418934006422612,0,0,0,0,0,0,7.004555659869045,0,0,0,0,2.648098088646794,0,2.029755767341405,0,5.455637318047204,0,0,0,0,4.342900981746158,3.36628171868732,0,3.167759935217596,0,3.967355287064251,0,2.334418683632004,2.596195819100116,5.245295895297373,0,0,0,0,3.175430653444256,0,0,2.773529175821258,0,6.964305850183218,0,3.314765297210299,2.326894815036136,0,0,2.921297825654479,0,0,0,0,0,0,0
6230,9.009748081779623,0,0,0,4.858223272770437,0,0,0,0,10.713396449470377,0,7.101419378745079,9.653520250373298,0,0,0,0,3.114975575230753,6.099876902087352,2.533294708283576,0,0,9.417936072567448,0,4.693267409479843,0,0,3.771561424663488,0,2.643926373848311,2.30584155117106,0,0,0,4.43188481335854,0,0,2.021264134106365,0,2.882955452325702,0,0,0,3.843789470052526,0,0,0,2.062617421176003,0,9.40027056717104,0,0,0,0,0,0,0,0,5.358926541607455,0,3.650007634778248,0,3.810604143074894,0,4.550225748307744,0,0,2.923479602682824,5.091454240302253,0,0,0,4.126507393622056,0,0,0,0,0,0,2.122631206972766
6231,0,0,11.000368548690911,0,0,0,8.628594406343533,6.933193081100447,0,0,0,0,0,0,0,0,0,0,0,0,3.492594398281204,3.661272053420638,0,0,8.235860052890903,0,3.572154538640856,0,0,0,0,0,0,2.718754127878304,0,0,0,0,0,0,3.669886146421943,0,0,0,2.730338581879348,0,0,0,0,5.377130582261187,0,0,2.209038648872338,0,0,0,3.86786533498632,0,0,3.542748724279343,0,0,0,2.528007495875292,0,3.701343031352456,5.586867660477634,0,0,0,3.721363388699709,0,2.16029371376822,5.184088099082008,0,9.808539371388758,0,0,0,0
6232,0,0,0,0,10.740618820938096,0,0,0,0,0,0,0,0,0,0,7.945962978514578,0,0,0,0,0,5.473316231746848,0,0,0,0,0,0,0,0,6.084114937473485,0,0,2.140978207327561,0,0,10.692047823105332,9.669530614500747,0,5.735729319703935,0,4.189766409385695,2.848090901882673,0,6.664079232373527,0,0,0,0,2.497364152677241,0,0,2.730383822071595,5.739238156039561,0,3.933725391705116,0,5.19813931223843,3.516948471840217,0,0,2.909814626684022,4.34779619635253,0,3.951423185132303,0,2.707101230893687,0,0,0,0,4.179178871256347,6.211427857914743,0,0,0,0,0,0,0
6233,0,0,0,0,0,0,0,6.664842392989008,0,0,6.669550810180274,5.681892346915269,12.758140112019975,0,6.128754233266768,0,0,5.114291473025216,0,4.532610606078039,4.25421578658578,0,12.522555934214125,4.144085340033395,7.019797420199386,5.814762801575024,0,0,0,4.973765962057486,2.559985891042023,0,3.812946826711022,3.901884305245381,0,0,0,4.61121140113927,2.135606177382506,0,2.765236325009724,0,0,0,0,0,0,0,0,6.179367052352873,0,0,3.392168826239415,0,0,0,4.670101805078006,0,0,0,0,2.60023656322489,0,0,0,0,0,0,2.509653661275102,0,4.523599858791395,2.448046242367528,2.116193819113813,0,0,0,0,0,7.893033713669027,2.700483337906552
6234,0,0,0,0,0,0,9.045375140905698,0,8.096636279880011,11.74126113711097,0,0,0,0,6.788495030940371,0,0,0,4.849879795065184,5.192351403751642,3.909378947540633,0,0,0,0,0,0,0,0,0,3.219726688715625,0,0,0,0,0,0,0,0,2.218769403771921,0,0,0,0,0,0,0,6.691224448904486,0,4.930607178639757,0,0,0,0,4.57717040396416,0,3.421341931364891,0,0,0,0,0,0,2.920404685515581,0,3.254819627731026,5.140344256856205,0,0,0,3.274839985078279,0,2.480295578701478,0,0,0,10.175995481593391,0,0,4.150801070394608
6235,0,0,0,0,0,0,0,0,0,0,0,0,0,0,0,0,0,0,5.532098619089049,0,5.710101342121138,0,0,0,0,4.08579490256163,2.329269484189776,4.603982277636538,0,3.476347226821361,0,0,2.476569351240521,8.590176476991676,3.864106530360237,0,0,2.853696431171213,0,2.232000953625864,0,0,0,0,0,0,2.768145697819763,2.895049718240851,0,8.559698713845263,0,0,5.482301207946648,0,0,4.387932358878998,0,0,0,0,0,4.690368944932123,2.970009401565523,0,0,6.883895904147469,8.769420533272648,2.075099064054312,0,2.652437092174388,0,0,3.254742760755263,0,0,0,0,0,5.604248401284464,0
6236,0,0,0,11.19254683471166,0,0,0,0,0,0,0,0,0,0,0,0,0,5.535479558875682,0,0,4.675411501830777,0,0,0,0,6.23595088742549,0,0,0,0,2.98118160628702,0,0,0,0,0,0,0,0,0,0,0,2.476973873492756,0,0,0,0,0,2.375022143761778,0,4.32445528161724,0,2.976095712138709,0,3.491114030031648,0,0,0,0,0,0,0,0,0,0,4.087514016737967,0,0,0,0,0,0,0,0,0,0,0,0,0,0
6237,0,0,0,0,9.009399514143572,0,0,0,0,0,0,0,0,0,0,0,0,6.477939994094123,0,0,0,0,0,0,0,0,4.692835367203792,0,0,0,3.923626782716398,0,0,0,0,0,0,0,0,2.922673312469959,4.790559345590348,6.293332564016953,0,2.159925079655244,0,0,0,7.395116913510727,0,4.537121866146389,0,0,0,3.132330315859306,0,0,0,2.385083305004453,0,4.63904982261767,0,0,0,3.624308594213619,0,2.861334315237658,4.746858944362836,2.699967895066375,0,0,2.881354672584911,0,3.184199487399516,0,0,0,0,0,0,0
6238,0,0,0,0,0,0,0,0,0,0,7.345970433634534,0,0,0,6.805173856721028,0,0,0,0,5.209030229532299,4.930643039434571,0,0,0,0,6.491182425029284,0,6.743034411961689,10.216162571418993,0,0,0,0,3.505340214100031,0,0,0,0,0,2.235455858947109,3.441663577858514,7.539037473775353,0,0,2.551819332389209,0,0,0,0,5.782826775904789,4.579686819221034,0,2.995624735094065,0,0,0,4.273561528629922,0,0,3.104302004104586,0,2.20369247207954,0,0,0,4.107039224996058,0,0,0,0,4.127059582343311,0,0,0,0,10.24199893173158,0,0,0,3.31994953118503
6239,0,0,0,0,0,12.6331688169593,8.338333388380981,0,7.389602156749826,0,6.622257484723692,6.338940909886421,0,0,6.081453278415655,0,11.364386296156106,0,5.549000304503358,4.485309651226926,4.798662830140286,3.961294190113705,11.113224950066137,0,6.394526288199233,4.95463292830797,3.281901150072835,0,0,0,2.381058807040517,0,3.345411191684126,0,2.933720417061025,0,4.276609387070476,3.722523012825755,3.322272764394043,0,2.556218908976969,9.297788361534431,4.146241180447427,2.325094373071417,0,0,0,3.763876299895394,4.044289450716448,0,2.588735253366831,0,4.645363019093379,0,0,3.476470958714552,0,0,3.404595362953799,0,0,3.853430756078854,0,0,0,5.865790112755137,7.751322371274847,0,0,0,5.885810470102391,0,2.252200511967777,0,0,9.518278353426206,0,11.006090107939864,0,0
6240,0,0,0,0,0,0,0,0,0,15.088133925302209,0,0,0,0,0,0,0,0,0,5.876813455858898,0,4.761069069826386,0,0,0,0,0,0,0,0,0,0,0,0,0,0,0,0,0,0,0,0,0,0,0,0,2.000941599242998,6.42260727737893,0,0,5.247462416153102,0,2.179376284174571,2.265377167764618,4.41412116456751,0,0,0,0,0,0,0,0,0,0,3.29080221816836,5.176326847293539,0,0,0,3.310822575515614,0,2.3172272658185,0,0,0,0,0,0,0
6241,0,0,0,0,11.580783681610871,0,0,0,0,0,0,0,0,0,10.063775477711177,8.786127839187353,0,9.049312717469624,7.848323846572318,0,6.907822999047767,7.353340864148139,0,0,0,0,0,10.89642973979218,0,0,6.495014764880962,0,8.093872878590542,3.039065431281587,0,0,0,9.42785877473407,0,5.494057479937258,0,3.731522761757689,3.746162867047637,4.731309247122543,6.422407392606849,0,0,0,3.914963090441659,2.03911669035197,0,0,2.92030683093773,0,0,3.692068810727501,0,0,3.27527663207354,7.192905456149422,4.411088102441599,2.668142786917346,4.106124356585853,0,3.709751345365626,0,2.248853768568416,5.271336803744611,3.065047055989353,0,0,3.937507031489671,0,0,4.58390018581672,0,0,0,0,0
6243,0,0,0,0,0,0,0,12.586956524138436,0,0,0,11.604006478064699,0,0,12.025477739416198,0,0,11.011014979174645,9.546995102417963,0,8.606494254893413,9.31504312585316,0,0,0,0,9.225925611073379,0,0,0,0,0,10.055575140295563,4.737736687127232,0,0,0,0,5.850425844420607,7.455759741642279,0,3.010340807154117,5.444834122893282,6.693011508827564,8.38410965431187,6.1861677052407,0,0,0,0,10.741789865734562,5.610634398949082,4.88200909264275,7.459268577977904,0,5.65375581364346,3.128821771188374,0,5.236978893778561,0,6.37279036414662,4.629845048622366,6.067826618290874,8.196827549020705,5.671453607070647,2.267042245130916,0,7.233039065449632,5.026749317694374,0,3.971646301952544,5.899209293194691,7.931458279853087,0,0,0,0,0,0,0
6244,0,0,0,0,0,13.482108924424274,0,7.335851052438805,0,0,0,0,12.19774923533696,0,6.799755263322035,0,12.21332640362108,0,5.562960400982004,5.203611636133306,4.925224446035577,4.087855806008997,11.962165057531111,0,0,5.820712470587397,4.000203134979214,6.338880772175977,0,5.211264794847128,0,0,0,0,2.215696614255144,0,0,4.588613999196979,0,2.230037265548115,3.436244984459521,0,3.315318311838181,0,2.546385480201153,0,0,4.629967286266618,3.213366582107203,0,0,2.476953783659644,3.814440150484134,0,2.621481173455198,0,0,0,2.573680123739085,0,0,3.02251551686414,0,0,0,5.034859614751361,6.920391873271071,0,2.401846097580368,0,5.054879972098615,0,0,0,0,10.236580338332587,0,0,0,0
6245,0,0,0,0,0,0,0,0,9.573269054206385,0,0,0,0,0,0,0,0,0,0,6.668984178078017,0,0,0,4.479604560838371,24.8820522744022,0,5.465579491621192,0,0,0,4.696378536528328,0,0,2.430541648608951,3.159072989819308,0,0,0,2.527102265863263,0,0,5.906991746419038,2.12151817373047,2.835904971285846,0,2.329061167698981,0,7.214774184900783,0,4.150781048548475,6.039633138372221,0,0,3.057547889983736,0,0,2.641515801273608,2.310300879128884,0,4.564267396742101,0,0,0,3.54952616833805,0,2.474993497639744,4.360518126764922,2.62518165449354,0,0,2.495013854986997,0,2.766059975342306,0,0,0,0,0,0,0
6246,0,0,0,0,0,14.25783057464307,9.80172318745244,0,0,0,0,7.098000264621944,0,0,0,0,0,6.530395576034625,0,0,5.670316074897923,0,0,0,10.168148159408393,0,4.74529476384156,0,0,0,3.976093808748697,0,0,3.292487157034087,2.574328892531553,0,6.033820430642916,0,2.689241560909492,0,4.181344242716397,7.718886429032654,0,0,3.291507626641624,0,0,0,2.18169810965119,5.962675731162091,4.34595774103107,0,0,2.337263162204105,3.512616489445478,0,0,0,0,2.664239765514231,0,0,0,0,0,4.286888180253359,6.172412809378538,0,0,0,4.306908537600613,0,0,0,0,0,0,0,0,0
6247,0,0,0,0,0,0,24.49964205890359,0,0,0,0,9.521314338709812,0,0,9.942785600061312,0,0,0,0,8.346641972872582,7.0575850745229,7.232350986498273,0,6.212576087931453,0,0,7.14323347171849,0,0,0,0,0,7.972883000940675,3.300529472088751,0,0,0,0,4.301524293444626,5.373067602287391,7.240957450105046,4.907339219557041,3.895932571917301,0,6.301417514956983,0,4.43441986601254,0,3.793980842186323,3.214936962848588,8.659097726379676,3.527942259594194,2.799316953287863,5.376576438623017,0,3.571063674288572,0,4.835477594821886,3.154286754423674,7.071915578499556,0,2.547152909267479,3.985134478935986,6.114135409665817,3.588761467715759,0,3.424674041065034,5.150346926094745,2.944057178339486,4.736557940054665,0,0,5.848766140498199,0,0,0,0,0,0,8.078426142689377
6248,0,0,0,0,0,0,0,0,0,0,0,0,0,13.815426682035419,8.24770221008964,0,0,7.23325470863715,0,0,0,0,13.440801243800669,0,10.871062695459155,0,0,0,0,0,0,0,0,0,3.277188025134078,0,0,0,2.715026261138971,0,0,0,2.309438354308912,2.947927935067413,0,0,0,6.198927874391646,0,5.042627315552698,0,0,0,0,0,0,3.533362068277832,2.292875283951778,0,0,0,0,0,0,0,3.366839764643967,5.252364393769145,0,0,0,0,0,2.038482707801919,0,0,0,0,0,0,0
6250,0,0,0,0,0,0,13.025096488696795,0,0,0,0,0,0,0,0,0,0,0,6.886982628353318,0,6.24923904401236,5.411878033380311,11.40311199303,6.139116226854506,8.833373444688487,7.30581071223863,5.497226120282791,7.824013346102601,0,0,0,0,0,4.699260467945399,3.115280365063958,7.498783041789373,6.627802429790198,6.073727499637275,4.096014871820804,3.554059492919429,5.047739405309972,8.841962701985953,3.69042315029348,2.786020274997293,0,0,2.613779066214891,6.115065527917851,3.588471420562502,7.085752004115391,0,3.322440467364904,4.189544988939432,2.916182316621276,4.280117623114243,3.365577140848345,0,2.14504767148908,2.948784962194384,3.253983635999404,0,3.397620355319439,0,2.250869182622074,2.601593873484516,5.409964453206659,0,0,2.776950936035666,0,5.429984810553913,2.049339336219889,0,3.876688214659491,0,0,0,11.295977150903727,6.7735897724849,2.230445829827895
6251,0,0,0,0,0,10.056564331054688,0,0,0,0,0,0,0,0,0,0,0,0,7.803336065180777,0,0,0,0,0,5.966881915820012,0,0,4.007589718845454,0,0,0,0,0,0,0,0,0,0,0,4.251720706727721,0,0,0,0,0,0,0,2.298641900660704,0,0,0,0,0,0,0,6.458100926796898,0,0,0,2.116129802443429,0,0,0,0,0,0,0,0,0,0,9.808710073553247,0,4.423887463927069,0,0,0,0,0,3.907098243616426,2.380418534357857
6252,0,0,0,0,0,0,0,0,0,0,0,0,0,0,0,0,0,8.68845905070834,0,0,0,0,0,0,0,0,0,0,0,0,0,0,0,0,4.732388552508003,0,0,0,0,0,0,0,0,0,0,0,0,0,3.662683337254594,0,0,0,0,0,0,0,0,0,0,0,0,0,0,0,0,3.976955147974924,0,0,0,0,0,0,0,0,0,0,0,0,0,0
6256,0,3.257774778202854,4.341808992423467,3.737343423185657,4.048650641862811,2.632847420988392,0,7.571272013602533,0,5.431297890959095,2.976386314582862,0,4.345870849576859,0,3.928250260130294,8.250994009545922,3.201955525185197,4.694083825572335,8.317229781335183,5.698541822316469,0,0,5.7727965899839,14.898529792189889,4.865741200969161,0,0,0,0,0,0,0,0,0,0,0,0,0,11.031892517966732,8.401120099151658,0,0,0,10.407341384944889,7.667196048316981,0,10.543869397926509,6.585286471307299,0,0,6.97357996529375,0,0,0,0,11.861364607550913,0,0,0,0,0,0,10.280039092864392,9.042024843904722,0,0,24.803575133018782,9.795502443097321,24.013101855498313,0,0,0,16.292448843655695,0,0,0,3.866028420744251,0,6.53499037285677,0
6261,2.821254730224609,2.219718769567978,2.025600517968279,0,5.061848905688873,0,2.350064615590038,0,0,2.349712371826172,3.989584578408924,0,0,0,4.285590813201848,0,0,5.707282089398396,0,0,0,0,2.275473918751367,0,3.265175983202824,4.355858276346642,7.648463101456778,4.054327389743891,0,0,0,0,5.968902339630642,0,11.656538434459778,0,4.625785504107574,5.674681344303956,0,0,6.833671735084075,0,0,0,0,0,11.557067661752571,0,0,0,0,0,0,0,0,0,0,0,13.074042665379265,0,0,0,0,0,0,0,0,13.620552208388228,0,0,0,0,12.745802136778632,10.03964614868164,0,3.856007211027454,0,0,0,11.414716477473092
6262,0,0,0,0,0,3.51269561349033,3.396909399002243,0,0,0,0,0,2.169845171229189,0,5.846039431636139,0,0,0,10.235018952841028,0,0,0,2.526702552261229,0,2.606572615980264,0,0,0,0,0,0,0,0,0,0,0,0,0,0,10.318909270657503,0,0,0,0,0,0,0,0,0,0,0,0,0,0,0,0,0,0,0,0,0,0,0,12.067205372832442,0,0,0,0,0,0,0,0,12.348951851831462,0,0,0,0,0,0,0
6264,0,0,0,0,4.587994836778686,7.865060279749239,0,0,0,0,4.269943320072224,0,0,0,3.269838547368626,7.009597997040715,4.512594745030028,0,7.075833768829976,0,0,9.106886777875022,0,0,3.073809260998937,0,0,2.826145024229457,0,0,0,0,0,0,9.401944158128508,0,0,0,0,0,0,15.799756576033355,0,0,0,0,0,0,0,0,2.338129539946745,10.26020907899785,0,0,0,0,0,0,0,5.685669299721964,0,0,0,0,0,0,0,0,0,0,0,0,0,2.648756553746856,0,9.81764418145052,6.631444404505098,6.237981570729803,0,0
6265,0,0,0,0,7.177456347418985,0,0,0,0,11.368245835383249,0,0,10.30836963628617,0,0,0,10.323946804570289,0,5.916218436208556,0,0,0,10.07278545848032,0,0,0,0,6.49368681155292,0,5.366051760737743,2.748292197534778,0,0,6.008114071586876,4.248226347479743,0,0,0,0,2.699296986446906,0,0,0,0,0,0,0,4.784738993368171,4.89732502420398,0,2.95595338507203,0,0,0,0,0,0,2.639680360447834,4.25763093644133,0,2.865392937815248,0,3.084731969305253,0,0,0,0,2.168749244098729,0,2.746087272218805,6.73883841419539,0,2.231204954583755,2.54636168010981,0,0,10.359113450129342,0,0,0
