FID_TAZ2022_Ham_Cen,TTS2022,PD_no,PD_name,Mun_no,Mun_name,Reg_no,Reg_name,Internal,Shape_Leng,ORIG_FID,FID_LRTRoute_2kmBuffer,x_coordinate,y_coordinate
116,6117,45,Stoney Creek,45,Stoney Creek,6,City of Hamilton,5079,3434.504043620000175,116,1,601275.970800000242889,4785380.893300000578165
117,6118,45,Stoney Creek,45,Stoney Creek,6,City of Hamilton,5080,3081.639009099999839,117,1,600371.606200000271201,4785409.263399999588728
255,6256,46,Hamilton,46,Hamilton,6,City of Hamilton,5241,6428.134463579999647,255,1,599009.890399999916553,4785483.467800000682473
122,6123,45,Stoney Creek,45,Stoney Creek,6,City of Hamilton,5093,3579.575936329999877,122,1,601421.597299999557436,4786092.018300000578165
124,6125,45,Stoney Creek,45,Stoney Creek,6,City of Hamilton,5099,4111.006459809999797,124,1,600516.422500000335276,4786297.746799999848008
167,6168,46,Hamilton,46,Hamilton,6,City of Hamilton,5101,5056.939833819999876,167,1,596874.382600000128150,4786335.900900000706315
170,6171,46,Hamilton,46,Hamilton,6,City of Hamilton,5107,3288.507468230000086,170,1,599718.029000000096858,4786510.936499999836087
172,6173,46,Hamilton,46,Hamilton,6,City of Hamilton,5111,5319.880709690000003,172,1,598842.466400000266731,4786692.847200000658631
173,6174,46,Hamilton,46,Hamilton,6,City of Hamilton,5114,3748.231703580000158,173,1,595664.015800000168383,4786741.554199999198318
176,6177,46,Hamilton,46,Hamilton,6,City of Hamilton,5117,3390.860294139999951,176,1,598139.906000000424683,4787004.092900000512600
177,6178,46,Hamilton,46,Hamilton,6,City of Hamilton,5118,4177.672768309999810,177,1,601660.027099999599159,4787007.350800000131130
178,6179,46,Hamilton,46,Hamilton,6,City of Hamilton,5120,3576.057135659999858,178,1,597550.699799999594688,4787121.753799999132752
180,6181,46,Hamilton,46,Hamilton,6,City of Hamilton,5122,3716.286354599999868,180,1,594794.994099999777973,4787156.335999999195337
260,6261,46,Hamilton,46,Hamilton,6,City of Hamilton,5126,1783.187122809999892,260,1,600229.007899999618530,4787182.680800000205636
181,6182,46,Hamilton,46,Hamilton,6,City of Hamilton,5123,3611.294768350000140,181,1,600857.499900000169873,4787301.303400000557303
186,6187,46,Hamilton,46,Hamilton,6,City of Hamilton,5130,3939.571024729999863,186,1,594081.226900000125170,4787476.552300000563264
184,6185,46,Hamilton,46,Hamilton,6,City of Hamilton,5127,4067.853791550000096,184,1,596872.993099999614060,4787479.423200000077486
187,6188,46,Hamilton,46,Hamilton,6,City of Hamilton,5131,4344.990765769999598,187,1,599634.162100000306964,4787553.946499999612570
183,6184,46,Hamilton,46,Hamilton,6,City of Hamilton,5064,1904.219044449999956,183,1,600369.314100000075996,4787675.848699999973178
188,6189,46,Hamilton,46,Hamilton,6,City of Hamilton,5132,4106.500386360000448,188,1,596055.434999999590218,4787703.899800000712276
189,6190,46,Hamilton,46,Hamilton,6,City of Hamilton,5135,4264.400858469999548,189,1,593321.713700000196695,4787743.500800000503659
194,6195,46,Hamilton,46,Hamilton,6,City of Hamilton,5143,4238.559552900000199,194,1,592506.473799999803305,4788005.168899999931455
192,6193,46,Hamilton,46,Hamilton,6,City of Hamilton,5141,4119.952797590000046,192,1,595284.614799999631941,4788013.999900000169873
196,6197,46,Hamilton,46,Hamilton,6,City of Hamilton,5145,5536.098603379999986,196,1,601604.623200000263751,4788132.320100000128150
195,6196,46,Hamilton,46,Hamilton,6,City of Hamilton,5144,4496.797018659999594,195,1,591501.544400000013411,4788195.282099999487400
198,6199,46,Hamilton,46,Hamilton,6,City of Hamilton,5148,5555.507496000000174,198,1,598854.652900000102818,4788207.385199999436736
202,6203,46,Hamilton,46,Hamilton,6,City of Hamilton,5070,3184.095669719999933,202,1,600213.740299999713898,4788270.948699999600649
197,6198,46,Hamilton,46,Hamilton,6,City of Hamilton,5147,3748.362785199999962,197,1,590318.060600000433624,4788326.132300000637770
199,6200,46,Hamilton,46,Hamilton,6,City of Hamilton,5149,3018.931030060000012,199,1,597107.295599999837577,4788388.893400000408292
200,6201,46,Hamilton,46,Hamilton,6,City of Hamilton,5150,3493.358769049999864,200,1,594469.724899999797344,4788422.829900000244379
201,6202,46,Hamilton,46,Hamilton,6,City of Hamilton,5151,4590.754025709999951,201,1,597906.796199999749660,4788428.893100000917912
203,6204,46,Hamilton,46,Hamilton,6,City of Hamilton,5154,2816.350687239999843,203,1,596300.445500000379980,4788591.662799999117851
205,6206,46,Hamilton,46,Hamilton,6,City of Hamilton,5156,2277.420693770000071,205,1,592759.034300000406802,4788717.188899999484420
204,6205,46,Hamilton,46,Hamilton,6,City of Hamilton,5155,3323.633212209999783,204,1,593656.735000000335276,4788718.338400000706315
261,6262,46,Hamilton,46,Hamilton,6,City of Hamilton,5153,2898.789007589999983,261,1,600439.738900000229478,4788769.166699999943376
206,6207,46,Hamilton,46,Hamilton,6,City of Hamilton,5157,2877.755650999999943,206,1,595486.692400000058115,4788831.668500000610948
207,6208,46,Hamilton,46,Hamilton,6,City of Hamilton,5158,6320.184910760000093,207,1,590002.119199999608099,4788876.139100000262260
208,6209,46,Hamilton,46,Hamilton,6,City of Hamilton,5159,3755.879321729999901,208,1,591848.066700000315905,4788880.069299999624491
209,6210,46,Hamilton,46,Hamilton,6,City of Hamilton,5160,6606.554451869999866,209,1,588361.453800000250340,4788960.461400000378489
210,6211,46,Hamilton,46,Hamilton,6,City of Hamilton,5161,3089.142288970000209,210,1,597302.122899999842048,4789063.751599999144673
211,6212,46,Hamilton,46,Hamilton,6,City of Hamilton,5162,2588.088395499999933,211,1,596446.065399999730289,4789085.060599999502301
212,6213,46,Hamilton,46,Hamilton,6,City of Hamilton,5163,1750.282751579999967,212,1,591327.868099999614060,4789106.433100000023842
213,6214,46,Hamilton,46,Hamilton,6,City of Hamilton,5164,2672.968985890000113,213,1,592952.171400000341237,4789121.212600000202656
214,6215,46,Hamilton,46,Hamilton,6,City of Hamilton,5165,2940.094270980000147,214,1,594661.332100000232458,4789129.171199999749660
215,6216,46,Hamilton,46,Hamilton,6,City of Hamilton,5166,5406.478323049999744,215,1,586226.103000000119209,4789184.862900000065565
216,6217,46,Hamilton,46,Hamilton,6,City of Hamilton,5167,1826.998252780000030,216,1,590939.649799999780953,4789223.961200000718236
217,6218,46,Hamilton,46,Hamilton,6,City of Hamilton,5168,2593.777524850000191,217,1,591981.243700000457466,4789271.037499999627471
219,6220,46,Hamilton,46,Hamilton,6,City of Hamilton,5170,2979.922440549999919,219,1,593865.855000000447035,4789423.188899999484420
222,6223,46,Hamilton,46,Hamilton,6,City of Hamilton,5173,2464.812874419999844,222,1,596557.335199999623001,4789483.069399999454618
221,6222,46,Hamilton,46,Hamilton,6,City of Hamilton,5172,3040.047471930000029,221,1,592220.123900000005960,4789492.180199999362230
220,6221,46,Hamilton,46,Hamilton,6,City of Hamilton,5171,1474.904984759999934,220,1,591451.081500000320375,4789501.204500000923872
223,6224,46,Hamilton,46,Hamilton,6,City of Hamilton,5174,2494.012684559999798,223,1,590586.021499999798834,4789503.865599999204278
225,6226,46,Hamilton,46,Hamilton,6,City of Hamilton,5176,3397.764865709999867,225,1,595680.563599999994040,4789510.282800000160933
224,6225,46,Hamilton,46,Hamilton,6,City of Hamilton,5175,6612.025567810000211,224,1,587595.421299999579787,4789538.324799999594688
226,6227,46,Hamilton,46,Hamilton,6,City of Hamilton,5179,1502.668355269999893,226,1,591054.822999999858439,4789620.737999999895692
227,6228,46,Hamilton,46,Hamilton,6,City of Hamilton,5180,3307.529621199999838,227,1,590013.061999999918044,4789628.757099999114871
228,6229,46,Hamilton,46,Hamilton,6,City of Hamilton,5181,2997.548508119999951,228,1,593064.703900000080466,4789692.938699999824166
263,6264,46,Hamilton,46,Hamilton,6,City of Hamilton,5029,6437.289026530000228,263,1,597525.356300000101328,4789767.436799999326468
229,6230,46,Hamilton,46,Hamilton,6,City of Hamilton,5183,3338.028752910000094,229,1,594878.838999999687076,4789789.459100000560284
231,6232,46,Hamilton,46,Hamilton,6,City of Hamilton,5185,5091.560460890000286,231,1,589285.103699999861419,4789835.544700000435114
230,6231,46,Hamilton,46,Hamilton,6,City of Hamilton,5184,1556.850764029999937,230,1,591549.446999999694526,4789837.616299999877810
233,6234,46,Hamilton,46,Hamilton,6,City of Hamilton,5187,1660.019787449999967,233,1,591153.314699999988079,4789968.487199999392033
232,6233,46,Hamilton,46,Hamilton,6,City of Hamilton,5186,2328.927789049999774,232,1,592380.384600000455976,4789975.823300000280142
234,6235,46,Hamilton,46,Hamilton,6,City of Hamilton,5188,3133.372999400000026,234,1,594068.291100000031292,4790074.966299999505281
235,6236,46,Hamilton,46,Hamilton,6,City of Hamilton,5190,1418.597725079999918,235,1,591972.156200000084937,4790127.724999999627471
236,6237,46,Hamilton,46,Hamilton,6,City of Hamilton,5192,2685.804801769999813,236,1,590518.000799999572337,4790206.238399999216199
237,6238,46,Hamilton,46,Hamilton,6,City of Hamilton,5193,1745.090854230000105,237,1,591672.326899999752641,4790232.490700000897050
238,6239,46,Hamilton,46,Hamilton,6,City of Hamilton,5194,3103.453892080000060,238,1,593257.135400000028312,4790338.766000000759959
239,6240,46,Hamilton,46,Hamilton,6,City of Hamilton,5195,1801.741440880000027,239,1,591275.791199999861419,4790355.260700000450015
250,6251,46,Hamilton,46,Hamilton,6,City of Hamilton,5024,5191.260477810000339,250,1,595366.496700000017881,4790397.796499999240041
242,6243,46,Hamilton,46,Hamilton,6,City of Hamilton,5198,6487.587597339999775,242,1,587392.239500000141561,4790574.317199999466538
243,6244,46,Hamilton,46,Hamilton,6,City of Hamilton,5199,3057.976147849999961,243,1,592441.813299999572337,4790586.021199999377131
240,6241,46,Hamilton,46,Hamilton,6,City of Hamilton,5196,5210.031023450000248,240,1,588601.787600000388920,4790744.392699999734759
244,6245,46,Hamilton,46,Hamilton,6,City of Hamilton,5200,3459.310453330000200,244,1,590528.107300000265241,4790744.931399999186397
245,6246,46,Hamilton,46,Hamilton,6,City of Hamilton,5201,3137.197921330000099,245,1,591621.757799999788404,4790832.352800000458956
264,6265,46,Hamilton,46,Hamilton,6,City of Hamilton,5022,4367.479631389999668,264,1,593747.965699999593198,4790921.131100000813603
247,6248,46,Hamilton,46,Hamilton,6,City of Hamilton,5204,2596.397340380000060,247,1,590923.310200000181794,4791111.703999999910593
246,6247,46,Hamilton,46,Hamilton,6,City of Hamilton,5203,6040.054242430000158,246,1,589516.379099999554455,4791194.612700000405312
249,6250,46,Hamilton,46,Hamilton,6,City of Hamilton,5208,8529.334974539999166,249,1,592347.588700000196695,4791543.046800000593066
251,6252,46,Hamilton,46,Hamilton,6,City of Hamilton,5211,11388.827858099999503,251,1,589994.195700000040233,4792430.732699999585748
